_id,sentiment,political,text
5dc88572678e6d23f770655d,1,0,"@AfMusk NDGT is 100% right. I have three heroes, Elon Musk, Greta Thunberg and Neil deGrasse Tyson."
<<<<<<< HEAD
5dcabb3edd8a420f9f1d568f,1,0,@Dangamipissed @sarahmquinlan @RobGeorge Sarah is in for a surprise when she learns there were a few million Gretasâ€¦ https://t.co/hrJk6mPRMw
=======
5dcca71ff372816fadd094df,0,1,@bradleymueller @greta Are you Bob Mueller's son?  This is going to blow up just like that did
5dcabb3edd8a420f9f1d568f,1,0,@Dangamipissed @sarahmquinlan @RobGeorge Sarah is in for a surprise when she learns there were a few million Gretasâ€¦ https://t.co/hrJk6mPRMw
5dcca71df372816fadd094de,0,0,@greta More theatrics! Cry me a river! LoL not watching
5dcca752f372816fadd094ee,0,0,@greta She must be a Jn 3:3 Christian to be able to live with a jerk   Letâ€™s all hold her up in prayer for she is dâ€¦ https://t.co/klAkgoAnFD
5dcca70bf372816fadd094d6,0,0,@greta She seems like a cool lady. He seems like an ass.  Why she hangs around the guy though all her business.
5dcca6fff372816fadd094d4,1,0,@greta She seriously can do better. D I V O R C E
5dcca72df372816fadd094e4,0,0,@greta What else do you expect of the Dems! So embarrassing! VOTE THE DEMS OUT!
5dcca6faf372816fadd094d1,1,0,@JosephBaileyOne @greta If she loved her husband she would not do what she does. It really is that simple. Write aâ€¦ https://t.co/Dqg6RIPqnW
5dcca743f372816fadd094e9,1,0,@Lateralist76 @SirWonderLlama @SBSNews No she not. If she was all of her predictions would have come true. What Greâ€¦ https://t.co/3xzlApdVqK
>>>>>>> master
5dc88550678e6d23f770653d,1,0,"@MikeHudema 100 % for green energy!

100 % for environmental protection!

100 % for ecologists!

100 % for Greenpeaâ€¦ https://t.co/kNPqalqUE6"
<<<<<<< HEAD
5dcabb3bdd8a420f9f1d565f,0,1,â€˜How Dare You?â€™ Teen Activist Greta Thunberg Asks World Leaders at U.N. Climate Session https://t.co/RHCJzcAdqL
5dc88536678e6d23f7706528,1,0,An immense mural of teen climate activist Greta Thunberg is turning heads in downtown San Francisco as it nears comâ€¦ https://t.co/fQLnzt5Kor
5dcabb41dd8a420f9f1d56d1,0,1,Angry Greta Thunberg tells global leaders she 'will never forgive' them for failing on climate change. Most of thesâ€¦ https://t.co/TX7PDWKF2d
5dc8852f678e6d23f7706522,0,0,"Greta Thunberg turns down environmental prize, says 'climate movement does not need any more awards' #musicnews360â€¦ https://t.co/QHwF4yDg4S"
5dcabb3fdd8a420f9f1d56a7,1,0,Greta Thunbergâ€™s white-hot zeal and singular focus on a critical global crisis remind me of me in the early 90s decâ€¦ https://t.co/GmZEGpYJdg
5dc8856d678e6d23f7706557,0,0,Haven't the residents of SF suffered enough without being tormented by this eyesore?
5dc8852c678e6d23f7706520,0,0,"It wont be there for long...
Carbon-neutral, biodegradable, sustainable, LGBTQ friendly, anti-Trump spray paint, maâ€¦ https://t.co/DjvQ1UrDDX"
=======
5dcca70ef372816fadd094d9,0,0,"@ogbubba410 @RachieBabe079 Oh, you're so clever aren't you!  Fossil fuel companies are busy destroying our planet bâ€¦ https://t.co/zAgbuSqqy7"
5dcca726f372816fadd094e3,0,0,"@poiThePoi @MkBlyth Rack up your airmiles (but don't tell Greta), pay it off monthly; invest in your businesses. ðŸ‘"
5dcca721f372816fadd094e1,1,0,"@Steve_Jacboson @greta Yes. The helping verbs are be, am, is, are, was, were being, been."
5dcabb3bdd8a420f9f1d565f,0,1,â€˜How Dare You?â€™ Teen Activist Greta Thunberg Asks World Leaders at U.N. Climate Session https://t.co/RHCJzcAdqL
5dcca733f372816fadd094e6,1,0,"After two and a half months in the U.S., Greta Thunberg has set sail to Spain for the U.N. climate conference nextâ€¦ https://t.co/ZK9XKPgV5e"
5dc88536678e6d23f7706528,1,0,An immense mural of teen climate activist Greta Thunberg is turning heads in downtown San Francisco as it nears comâ€¦ https://t.co/fQLnzt5Kor
5dcabb41dd8a420f9f1d56d1,0,1,Angry Greta Thunberg tells global leaders she 'will never forgive' them for failing on climate change. Most of thesâ€¦ https://t.co/TX7PDWKF2d
5dcca6e5f372816fadd094cb,1,0,Greta Thunberg sets sail for Europe on a catamaran https://t.co/HsmP70mvCL via @MailOnline
5dc8852f678e6d23f7706522,0,0,"Greta Thunberg turns down environmental prize, says 'climate movement does not need any more awards' #musicnews360â€¦ https://t.co/QHwF4yDg4S"
5dcca74bf372816fadd094eb,0,0,"Greta Thunberg turns down environmental prize, says 'climate movement does not need any more awards' #musicnews360â€¦ https://t.co/yAjvEMvbaf"
5dcabb3fdd8a420f9f1d56a7,1,0,Greta Thunbergâ€™s white-hot zeal and singular focus on a critical global crisis remind me of me in the early 90s decâ€¦ https://t.co/GmZEGpYJdg
5dc8856d678e6d23f7706557,0,0,Haven't the residents of SF suffered enough without being tormented by this eyesore?
5dcca76cf372816fadd094f4,0,1,"Hillary and Greta are both dummies.

HILLARY: Male Leaders Are â€˜Scaredâ€™ of Greta Thunberg https://t.co/babPI7FjUM via @LibertyHeadline"
5dcca768f372816fadd094f2,0,0,"I'm female and can tell you.
........EVERYONE is scared of Greta Thunberg.....ðŸ˜¦"
5dc8852c678e6d23f7706520,0,0,"It wont be there for long...
Carbon-neutral, biodegradable, sustainable, LGBTQ friendly, anti-Trump spray paint, maâ€¦ https://t.co/DjvQ1UrDDX"
5dcca70cf372816fadd094d8,0,0,Looks like she is experiencing a bit of her climate change concerns.
5dcca72ef372816fadd094e5,1,0,Love this work by @PDabashi for its lyricism and its insights on Larsen. It's a beautiful model for the open letterâ€¦ https://t.co/XqjeUvFmZn
5dcca75bf372816fadd094f0,1,0,make her clean the poop deck https://t.co/FT8zkvPjZb
>>>>>>> master
5dc88576678e6d23f7706560,0,0,Might want to consider taking that down before the building  commits suicide?
5dc88554678e6d23f7706543,1,0,Mural of 16-year-old climate activist Greta Thunberg goes up in San Francisco to mixed responses https://t.co/raVDpgJu3N
5dc88584678e6d23f770656b,0,0,Must be looking at all the poop and urine in the streets.
5dc88570678e6d23f770655b,0,0,"New song out - Fremen.

Listen to the hot dry breath of Shai-Hulud.
If that doesn't work, try listening to Greta Thâ€¦ https://t.co/nFoQRfOwVS"
5dc88575678e6d23f770655f,1,0,OMG really ðŸ™„
5dc88585678e6d23f770656c,0,0,Pictures of Greta Thunberg are being used to shame office workers who use single-use plastic https://t.co/EosYzeXIJ4 via @yahooindia
5dc8856d678e6d23f7706558,0,1,Quite right Baroness Thatcher. Unfortunately Conservative MPs are five times as likely to vote against climate actiâ€¦ https://t.co/Eu8CJ5fsR1
5dcabb3add8a420f9f1d5649,0,0,"RT @_SJPeace_: Greta Thunberg
<<<<<<< HEAD

""This is all wrong. I shouldnâ€™t be up here. I should be in school on the other side of the ocean. Yet you coâ€¦"
5dcabb3edd8a420f9f1d568e,1,0,"RT @_SJPeace_: This was Greta Thunberg 15, sitting alone outside the Swedish Parliament a year ago.

The picture on the right is now. She iâ€¦"
5dcabb3fdd8a420f9f1d56a4,0,1,"RT @AdamBandt: The climate criminals who lead us, like PM Morrison, _know_ we must at least triple pollution cuts to avoid collapse, yet thâ€¦"
5dcabb3add8a420f9f1d563c,0,1,"RT @adamcbest: When conservatives attack young activists like David Hogg and Greta Thunberg what they are really saying is â€œHey, kids, stopâ€¦"
5dcabb3ddd8a420f9f1d5683,1,1,"RT @amandaottaway: Teen climate activist Greta Thunberg, shaking with emotion, in a scathing speech to UN leaders just now: 

""This is allâ€¦"
5dcabb3ddd8a420f9f1d5681,1,0,RT @AngelaBelcamino: Greta Thunberg is all of us. https://t.co/FnSx7xTc1p
5dc88583678e6d23f770656a,1,0,RT @anniefryman: San Francisco subsidizes street parking  for personal vehicles to the tune of $800 million per year. https://t.co/KFn1wAsCâ€¦
5dcabb3fdd8a420f9f1d56b2,1,0,"RT @AnnOlivarius: So rare to see a girl (not to mention a woman) so utterly devoid of any desire to please, placate or cajole. Greta Thunbeâ€¦"
5dc8855d678e6d23f770654b,1,1,RT @Atenatioweren: Peak White Liberalism is Building a Mural to a Scandinavian Climate Activist while ignoring Native Stewards of the Landâ€¦
5dcabb43dd8a420f9f1d5702,1,0,"RT @AuthorKimberley: ""On Monday, Greta Thunberg and 15 other young people filed a potentially world-changing lawsuit. 

They announced thatâ€¦"
5dc8852c678e6d23f7706521,1,0,RT @B52Malmet: Greta Thunberg will not be silenced. https://t.co/YRtGs5l4tS
5dcabb42dd8a420f9f1d56ee,0,0,"RT @B52Malmet: If you havenâ€™t seen this moment, it is everything. This is looking at the devil passing you by. @GretaThunberg stares down Tâ€¦"
5dcabb3fdd8a420f9f1d56b5,0,0,"RT @bearshrugged: I was not going to do this as I do not like too personal information on the internet, but the latest Greta Thunberg videoâ€¦"
5dcabb3ddd8a420f9f1d5680,1,0,"RT @BeckyBunzy: Greta Thunberg was nominated for the Nobel Peace Prize. The winner will be announced on October 11th.

I hope she wins. Thaâ€¦"
=======

""This is all wrong. I shouldnâ€™t be up here. I should be in school on the other side of the ocean. Yet you coâ€¦"
5dcabb3edd8a420f9f1d568e,1,0,"RT @_SJPeace_: This was Greta Thunberg 15, sitting alone outside the Swedish Parliament a year ago.

The picture on the right is now. She iâ€¦"
5dcabb3fdd8a420f9f1d56a4,0,1,"RT @AdamBandt: The climate criminals who lead us, like PM Morrison, _know_ we must at least triple pollution cuts to avoid collapse, yet thâ€¦"
5dcabb3add8a420f9f1d563c,0,1,"RT @adamcbest: When conservatives attack young activists like David Hogg and Greta Thunberg what they are really saying is â€œHey, kids, stopâ€¦"
5dcabb3ddd8a420f9f1d5683,1,1,"RT @amandaottaway: Teen climate activist Greta Thunberg, shaking with emotion, in a scathing speech to UN leaders just now: 

""This is allâ€¦"
5dcabb3ddd8a420f9f1d5681,1,0,RT @AngelaBelcamino: Greta Thunberg is all of us. https://t.co/FnSx7xTc1p
5dc88583678e6d23f770656a,1,0,RT @anniefryman: San Francisco subsidizes street parking  for personal vehicles to the tune of $800 million per year. https://t.co/KFn1wAsCâ€¦
5dcabb3fdd8a420f9f1d56b2,1,0,"RT @AnnOlivarius: So rare to see a girl (not to mention a woman) so utterly devoid of any desire to please, placate or cajole. Greta Thunbeâ€¦"
5dc8855d678e6d23f770654b,1,1,RT @Atenatioweren: Peak White Liberalism is Building a Mural to a Scandinavian Climate Activist while ignoring Native Stewards of the Landâ€¦
5dcca70cf372816fadd094d7,1,1,"RT @australian: A pair of Australian YouTube stars will sail Greta Thunberg across the Atlantic in time for a UN climate summit in Spain.
hâ€¦"
5dcabb43dd8a420f9f1d5702,1,0,"RT @AuthorKimberley: ""On Monday, Greta Thunberg and 15 other young people filed a potentially world-changing lawsuit. 

They announced thatâ€¦"
5dc8852c678e6d23f7706521,1,0,RT @B52Malmet: Greta Thunberg will not be silenced. https://t.co/YRtGs5l4tS
5dcabb42dd8a420f9f1d56ee,0,0,"RT @B52Malmet: If you havenâ€™t seen this moment, it is everything. This is looking at the devil passing you by. @GretaThunberg stares down Tâ€¦"
5dcabb3fdd8a420f9f1d56b5,0,0,"RT @bearshrugged: I was not going to do this as I do not like too personal information on the internet, but the latest Greta Thunberg videoâ€¦"
5dcabb3ddd8a420f9f1d5680,1,0,"RT @BeckyBunzy: Greta Thunberg was nominated for the Nobel Peace Prize. The winner will be announced on October 11th.

I hope she wins. Thaâ€¦"
5dcca726f372816fadd094e2,1,0,"RT @bethanywilsxn: ""â€œI had my 16th birthday on BLUE VELVET,â€ Dern tells Ronan. â€œI relate to your experience on ATONEMENT.â€ ðŸ¥º 

https://t.coâ€¦"
5dcca710f372816fadd094da,1,0,RT @BoSnerdley: Greta Thunberg sets sail for Europe on a catamaran https://t.co/yKRwkKSsK9 via @MailOnline  &gt;&gt; bye!
>>>>>>> master
5dc88572678e6d23f770655c,0,1,RT @BrandonStraka: The leftist geniuses in San Francisco have decided to send a message about climate change by creating a 6 story mural ofâ€¦
5dcabb3ddd8a420f9f1d567e,0,0,"RT @BryonnyM: Does this Creepy little Child Actress have a Phd in Atmospheric Science?  

Or just more More Leftist Melodrama?! ðŸ™„

#GretaThâ€¦"
5dcabb3bdd8a420f9f1d5662,0,0,RT @BuckSexton: So weird how the â€œcant criticize kids ruleâ€ that the media enforces with dictatorial resolve is applicable to Greta Thunberâ€¦
5dcabb3ddd8a420f9f1d5684,1,1,"RT @C_3C_3: So let me get this straight.

Obama left his 10 bedroom ocean front mansion in his multiple SUV motorcade to hop on his privateâ€¦"
<<<<<<< HEAD
=======
5dcca76df372816fadd094f5,1,1,RT @CallingBSonU: The next goal of the Fake News will be a hard sell that Trump's base is fracturing &amp; support for his administration is drâ€¦
>>>>>>> master
5dcabb42dd8a420f9f1d56e7,0,1,RT @CarmineSabia: President Donald Trump walks past Greta Thunberg because he does not bow to 16 year olds. https://t.co/4m9VGMz8CD
5dcabb3add8a420f9f1d5642,0,0,"RT @CBSNews: Greta Thunberg to world leaders: ""You are still not mature enough to tell it like it is. You are failing us. Young people areâ€¦"
5dcabb40dd8a420f9f1d56b8,0,0,RT @cmclymer: It turns out Greta Thunberg is also one hell of a writer. Damn. https://t.co/XSAfuliQpQ
5dcabb42dd8a420f9f1d56e5,0,1,"RT @CNN: ""You have stolen my dreams and my childhood with your empty words,"" climate activist Greta Thunberg tells the UN. ""We are in the bâ€¦"
5dcabb43dd8a420f9f1d56f6,1,1,RT @CollinRogg: Democrats are now installing whiny little brats like Greta Thunberg (@GretaThunberg) to promote their far-left politicizedâ€¦
5dcabb40dd8a420f9f1d56c0,0,1,RT @Condor_Law: 15 children and #GretaThunberg &amp; File a â€œClimate Complaintâ€ Against 5 Countries (Not China) in UN - all financed by #Soros!â€¦
5dcabb39dd8a420f9f1d5638,0,1,"RT @ConservaMomUSA: Thank you @POTUS @realDonaldTrump for giving #GretaThunbergâ€™s angsty, indoctrinated diatribe demanding #ClimateAction tâ€¦"
<<<<<<< HEAD
=======
5dcca734f372816fadd094e7,1,0,"RT @DanMCalgary: Oh Greta you are sooo
FAKE https://t.co/uGY2SEayyR"
5dcca75df372816fadd094f1,1,0,"RT @DanMCalgary: Oh Greta you are sooo
FAKE https://t.co/uGY2SEayyR"
>>>>>>> master
5dcabb3bdd8a420f9f1d565d,1,0,RT @DavidWinterA: Greta Thunberg deserves the Nobel Peace Prize. After seeing Trump walk out of the Climate Change Meeting and walk past heâ€¦
5dc8854d678e6d23f7706538,0,0,RT @dearnonnatives: The way yâ€™all idolize white people for doing the same thing Black and Indigenous people have already BEEN doing. https:â€¦
5dcabb3cdd8a420f9f1d5671,0,1,RT @debbie_marney41: @Bill_Maxwell_ @EileenMarieSar1 #GRETA says â€œHow Dare YOU!â€
5dcabb3add8a420f9f1d563f,0,1,"RT @DogginTrump: All you #MAGA assholes attacking young activists like David Hogg &amp; Greta Thunberg, what is your goal? Because basically yoâ€¦"
5dcabb42dd8a420f9f1d56f0,0,0,"RT @DSA_Enviro: Greta Thunberg spits fiery truths directly at those who are responsible for continuing to enable the climate crisis, whichâ€¦"
5dc8856f678e6d23f7706559,0,0,RT @EmmaVigeland: She probably hates this https://t.co/v7i98Uh0La
5dc88588678e6d23f770656f,1,0,RT @emzanotti: The San Fran mural of Greta Thunberg is likely to need 700 cans of spray paint to complete -- which is a lot for a movementâ€¦
5dcabb3edd8a420f9f1d56a1,0,0,RT @eugenegu: Adults attacking Greta Thunberg and David Hogg is totally on brand with these same adults destroying the planet for money andâ€¦
5dcabb3add8a420f9f1d564c,0,0,"RT @evanmcmurry: Greta Thunberg to world leaders at #UNGA summit: ""We are at the beginning of a mass extinction and all you can talk aboutâ€¦"
<<<<<<< HEAD
5dc88530678e6d23f7706523,0,0,RT @foe_us: â€œPeople are suffering and dying from the climate emergency and it will continue to get worse. Doesnâ€™t this mean anything to theâ€¦
=======
5dcca71cf372816fadd094dd,1,0,"RT @floydian_sleep: Thank god for Greta Thunberg, warna unearth ho jaata."
5dc88530678e6d23f7706523,0,0,RT @foe_us: â€œPeople are suffering and dying from the climate emergency and it will continue to get worse. Doesnâ€™t this mean anything to theâ€¦
5dcca6f2f372816fadd094cf,1,0,RT @Franklin_Graham: Want to go shopping with @Greta Van Susteren and @JohnPCoale for shoebox gifts for @SamaritansPurse @OCC_Shoeboxes? Châ€¦
>>>>>>> master
5dcabb3cdd8a420f9f1d566a,0,0,RT @FredrikSewell: Anyone whoâ€™s got a problem with Greta Thunberg can pretty much fuck off.
5dc88556678e6d23f7706545,0,0,RT @FuckBamboni: Can we stop worshipping a teenage girl this is getting extremely weird https://t.co/LkmAdP4CnK
5dc8857b678e6d23f7706565,0,0,RT @FuckBamboni: Can we stop worshipping a teenage girl this is getting extremely weird https://t.co/LkmAdP4CnK
5dcabb3cdd8a420f9f1d5675,1,0,RT @girlsreallyrule: Here is 84 year-old anthropologist Jane Goodall with 16 year-old climate activist Greta Thunberg at an event in Switzeâ€¦
5dcabb41dd8a420f9f1d56d9,1,0,RT @girlsreallyrule: Here is 84 year-old anthropologist Jane Goodall with 16 year-old climate activist Greta Thunberg at an event in Switzeâ€¦
5dcabb43dd8a420f9f1d56f5,1,0,RT @girlsreallyrule: Here is 84 year-old anthropologist Jane Goodall with 16 year-old climate activist Greta Thunberg at an event in Switzeâ€¦
5dcabb41dd8a420f9f1d56da,0,0,"RT @GrahamAllen_1: BREAKING:

#GretaThunberg is NOT a hero...

She is a child. 

But MOST of all...

She is a victim NOT of climate change,â€¦"
5dcabb42dd8a420f9f1d56f1,0,0,RT @GretaThunberg: â€œPeople are suffering. People are dying. Entire ecosystems are collapsing. We are in the beginning of a mass extinction.â€¦
5dcabb39dd8a420f9f1d5639,0,0,RT @GretaThunberg: Today at 11:30 I and 15 other children from around the world filed a legal complaint against 5 nations over the climateâ€¦
5dcabb3fdd8a420f9f1d56b1,0,0,RT @GretaThunberg: Today at 11:30 I and 15 other children from around the world filed a legal complaint against 5 nations over the climateâ€¦
5dcabb42dd8a420f9f1d56e0,0,0,RT @GretaThunberg: Today at 11:30 I and 15 other children from around the world filed a legal complaint against 5 nations over the climateâ€¦
5dcabb43dd8a420f9f1d5703,0,0,RT @GretaThunberg: Today at 11:30 I and 15 other children from around the world filed a legal complaint against 5 nations over the climateâ€¦
5dc88544678e6d23f7706532,0,1,"RT @groth1945: SF is mostly LIBERAL however,this CHILDâ€™S mural is an INSULT to America &amp;itâ€™s Scientists,Engineers &amp;Patriots!This Child hasâ€¦"
5dc88568678e6d23f7706553,0,0,"RT @GrrrGraphics: Little Sister is Watching You!
This chilling mural of Greta will be instant meme material:
https://t.co/4bAA23ZfzQ"
5dc8853c678e6d23f770652b,0,0,RT @hughriminton: There was a time when #climate science was not a left/right thing. It was just climate science. https://t.co/5LFQGMIFJH
5dcabb3edd8a420f9f1d5692,0,0,"RT @Ian56789: Greta Thunberg's face after reading Ian56's evidence &amp; fact based thread on Global Warming / Climate Change.

Greta Thunberg'â€¦"
5dcabb43dd8a420f9f1d5705,1,1,RT @Ian56789: Neoliberal Globalist Oligarch George Soros is behind the promotion and rapid ascension to prominence of Greta Thunberg - usinâ€¦
5dc8856b678e6d23f7706556,0,1,"RT @inthecopa: Patriots! Donâ€™t be triggered! Itâ€™s only SF â€” s__thole sanctuary slum.

San Francisco Skyline Includes Mural of Climate Teenâ€¦"
5dc88582678e6d23f7706568,0,1,"RT @inthecopa: Patriots! Donâ€™t be triggered! Itâ€™s only SF â€” s__thole sanctuary slum.

San Francisco Skyline Includes Mural of Climate Teenâ€¦"
5dc88592678e6d23f7706574,0,1,"RT @inthecopa: Patriots! Donâ€™t be triggered! Itâ€™s only SF â€” s__thole sanctuary slum.

San Francisco Skyline Includes Mural of Climate Teenâ€¦"
5dc88594678e6d23f7706577,0,1,"RT @inthecopa: Patriots! Donâ€™t be triggered! Itâ€™s only SF â€” s__thole sanctuary slum.

San Francisco Skyline Includes Mural of Climate Teenâ€¦"
5dcabb3add8a420f9f1d564a,1,0,"RT @JenAshleyWright: Well, Greta Thunberg is officially â€œsheâ€™d look prettier if she smiled moreâ€ years old. https://t.co/QSxcPgExCO"
<<<<<<< HEAD
5dcabb39dd8a420f9f1d563a,,,RT @JoeTalkShow: Greta Thunberg is a tool of the left and her parents and community are allowing her to be used as a puppet.  She didn't stâ€¦
5dcabb3add8a420f9f1d5645,,,"RT @JohnWHuber: I donâ€™t care if sheâ€™s 16. Greta Thunberg is woefully uninformed about energy &amp; climate, likely has mental health issues, anâ€¦"
5dcabb3add8a420f9f1d564e,,,"RT @JohnWHuber: I donâ€™t care if sheâ€™s 16. Greta Thunberg is woefully uninformed about energy &amp; climate, likely has mental health issues, anâ€¦"
5dcabb3cdd8a420f9f1d5677,,,"RT @JordanUhl: Here's 55-year-old @greggutfeld absolutely losing his shit over Greta Thunberg

https://t.co/UUei4zTEJi"
5dcabb3bdd8a420f9f1d5659,,,"RT @JordanUhl: Holy shit
=======
5dcabb39dd8a420f9f1d563a,0,1,RT @JoeTalkShow: Greta Thunberg is a tool of the left and her parents and community are allowing her to be used as a puppet.  She didn't stâ€¦
5dcabb3add8a420f9f1d5645,0,0,"RT @JohnWHuber: I donâ€™t care if sheâ€™s 16. Greta Thunberg is woefully uninformed about energy &amp; climate, likely has mental health issues, anâ€¦"
5dcabb3add8a420f9f1d564e,0,0,"RT @JohnWHuber: I donâ€™t care if sheâ€™s 16. Greta Thunberg is woefully uninformed about energy &amp; climate, likely has mental health issues, anâ€¦"
5dcabb3cdd8a420f9f1d5677,0,0,"RT @JordanUhl: Here's 55-year-old @greggutfeld absolutely losing his shit over Greta Thunberg

https://t.co/UUei4zTEJi"
5dcabb3bdd8a420f9f1d5659,0,0,"RT @JordanUhl: Holy shit
>>>>>>> master

Michael Knowles of Daily Wire just called Greta Thunberg a ""mentally ill Swedish child.""

@ChristopherHahn tore iâ€¦"
<<<<<<< HEAD
5dcabb3cdd8a420f9f1d5667,,,"RT @JordanUhl: Holy shit
=======
5dcabb3cdd8a420f9f1d5667,0,0,"RT @JordanUhl: Holy shit
>>>>>>> master

Michael Knowles of Daily Wire just called Greta Thunberg a ""mentally ill Swedish child.""

@ChristopherHahn tore iâ€¦"
<<<<<<< HEAD
5dcabb3fdd8a420f9f1d56b3,,,"RT @JordanUhl: Holy shit
=======
5dcabb3fdd8a420f9f1d56b3,0,0,"RT @JordanUhl: Holy shit
>>>>>>> master

Michael Knowles of Daily Wire just called Greta Thunberg a ""mentally ill Swedish child.""

@ChristopherHahn tore iâ€¦"
<<<<<<< HEAD
5dcabb41dd8a420f9f1d56cc,,,"RT @JordanUhl: Holy shit
=======
5dcabb41dd8a420f9f1d56cc,0,0,"RT @JordanUhl: Holy shit
>>>>>>> master

Michael Knowles of Daily Wire just called Greta Thunberg a ""mentally ill Swedish child.""

@ChristopherHahn tore iâ€¦"
<<<<<<< HEAD
5dcabb41dd8a420f9f1d56ce,,,"RT @JordanUhl: Holy shit
=======
5dcabb41dd8a420f9f1d56ce,0,0,"RT @JordanUhl: Holy shit
>>>>>>> master

Michael Knowles of Daily Wire just called Greta Thunberg a ""mentally ill Swedish child.""

@ChristopherHahn tore iâ€¦"
<<<<<<< HEAD
5dcabb3fdd8a420f9f1d56a5,,,"RT @kate_manne: Giving hope, whatever the grim truth of the matter, is a feminine-coded pseudo-obligation that is far too seldom questionedâ€¦"
5dcabb39dd8a420f9f1d563b,,,"RT @kylegriffin1: Greta Thunberg at #UNGA: ""This is all wrong. I shouldnâ€™t be up here. I should be in school on the other side of the oceanâ€¦"
5dcabb3edd8a420f9f1d5696,,,"RT @kylegriffin1: Greta Thunberg at #UNGA: ""This is all wrong. I shouldnâ€™t be up here. I should be in school on the other side of the oceanâ€¦"
5dcabb3fdd8a420f9f1d56a9,,,"RT @kylegriffin1: Greta Thunberg at #UNGA: ""This is all wrong. I shouldnâ€™t be up here. I should be in school on the other side of the oceanâ€¦"
5dcabb3fdd8a420f9f1d56b0,,,"RT @kylegriffin1: Greta Thunberg at #UNGA: ""This is all wrong. I shouldnâ€™t be up here. I should be in school on the other side of the oceanâ€¦"
5dcabb40dd8a420f9f1d56b9,,,"RT @kylegriffin1: Greta Thunberg at #UNGA: ""This is all wrong. I shouldnâ€™t be up here. I should be in school on the other side of the oceanâ€¦"
5dcabb40dd8a420f9f1d56bf,,,"RT @kylegriffin1: Greta Thunberg at #UNGA: ""This is all wrong. I shouldnâ€™t be up here. I should be in school on the other side of the oceanâ€¦"
5dcabb42dd8a420f9f1d56ea,,,"RT @kylegriffin1: Greta Thunberg at #UNGA: ""This is all wrong. I shouldnâ€™t be up here. I should be in school on the other side of the oceanâ€¦"
5dc8858d678e6d23f7706571,,,"RT @la_cates: A huge, angry, Greta Thunberg, looming big over San Francisco... https://t.co/5A6lNrNSkb"
5dcabb3edd8a420f9f1d5690,,,RT @lesleyabravanel: I am in awe of this young woman. In a world plagued by vapid vanity and world leaders completely devoid of a moral fabâ€¦
5dcabb3fdd8a420f9f1d56a6,,,RT @Liz_Wheeler: Trump ignores Greta Thunberg. ðŸ¤£ðŸ‡ºðŸ‡¸ https://t.co/phY7lKfbHj
5dcabb41dd8a420f9f1d56ca,,,RT @Liz_Wheeler: Trump ignores Greta Thunberg. ðŸ¤£ðŸ‡ºðŸ‡¸ https://t.co/phY7lKfbHj
5dcabb41dd8a420f9f1d56db,,,RT @LoriCardille: I dedicate this photo to Greta Thunberg. I call it DEFIANCE.  You are amazing Greta and we are with you. Thank you for beâ€¦
5dc88528678e6d23f770651e,0,0,RT @MamoudouNDiaye: didn't she explicitly say she wants change not idolatry? https://t.co/7iLCeSFnP4
5dc8857a678e6d23f7706564,,,RT @MamoudouNDiaye: didn't she explicitly say she wants change not idolatry? https://t.co/7iLCeSFnP4
5dc8857e678e6d23f7706566,,,RT @MamoudouNDiaye: didn't she explicitly say she wants change not idolatry? https://t.co/7iLCeSFnP4
5dc88580678e6d23f7706567,,,RT @MamoudouNDiaye: didn't she explicitly say she wants change not idolatry? https://t.co/7iLCeSFnP4
5dcabb43dd8a420f9f1d56f3,,,RT @MarkDice: This brat Greta Thunberg makes me want to start dumping my trash in the ocean  https://t.co/HJIR3pDkpH
5dc88560678e6d23f770654c,0,0,RT @MatthewACherry: Iâ€™m waiting on the @LittleMissFlint mural myself https://t.co/wp9MvLT5Df
5dc88578678e6d23f7706561,,,RT @MatthewACherry: Iâ€™m waiting on the @LittleMissFlint mural myself https://t.co/wp9MvLT5Df
5dc8859b678e6d23f770657b,,,RT @MatthewACherry: Iâ€™m waiting on the @LittleMissFlint mural myself https://t.co/wp9MvLT5Df
5dcabb3add8a420f9f1d564f,,,"RT @MichaelSkolnik: Greta Thunberg. 

The whole speech. 

Watch every second of it. 

#UNGA  https://t.co/mXjm4L6OXj"
5dcabb40dd8a420f9f1d56bb,,,"RT @MichaelSkolnik: Greta Thunberg. 

The whole speech. 

Watch every second of it. 

#UNGA  https://t.co/mXjm4L6OXj"
5dc8853b678e6d23f770652a,0,1,RT @MrAndyNgo: I thought this was Putin. https://t.co/hOuQSmVPpn
5dcabb41dd8a420f9f1d56cb,,,"RT @murrayb560sl: Question:
Why do right-wing men hate Greta Thunberg and Alexandria Ocasio-Cortez so much? ðŸ¤”    .......Researchers have soâ€¦"
5dcabb3cdd8a420f9f1d5672,,,"RT @MyDaughtersArmy: We are all Greta Thunberg.
 https://t.co/dEyjsfTOJE"
5dcabb3ddd8a420f9f1d568c,,,"RT @MyDaughtersArmy: We are all Greta Thunberg.
 https://t.co/dEyjsfTOJE"
5dcabb40dd8a420f9f1d56bc,,,"RT @MyDaughtersArmy: We are all Greta Thunberg.
 https://t.co/dEyjsfTOJE"
5dcabb41dd8a420f9f1d56dd,,,"RT @MyDaughtersArmy: We are all Greta Thunberg.
 https://t.co/dEyjsfTOJE"
5dcabb3add8a420f9f1d5648,,,"RT @NBCNews: WATCH: Greta Thunberg passionately shares her message to world leaders at #UNGA:

""We'll be watching you ... You'll come to usâ€¦"
5dcabb3cdd8a420f9f1d566f,,,"RT @NBCNews: WATCH: Greta Thunberg passionately shares her message to world leaders at #UNGA:

""We'll be watching you ... You'll come to usâ€¦"
5dc8854c678e6d23f7706536,0,0,RT @Neoavatara: Paint is a major contributor to pollution... https://t.co/Hz3RaxIQqD
5dcabb3add8a420f9f1d5640,,,"RT @NPR: ""We are in the beginning of a mass extinction, and all you can talk about is money and fairy tales of eternal economic growth. Howâ€¦"
5dcabb3edd8a420f9f1d5698,,,"RT @NPR: ""We are in the beginning of a mass extinction, and all you can talk about is money and fairy tales of eternal economic growth. Howâ€¦"
5dcabb41dd8a420f9f1d56d0,,,"RT @NPR: ""We are in the beginning of a mass extinction, and all you can talk about is money and fairy tales of eternal economic growth. Howâ€¦"
5dcabb43dd8a420f9f1d56fa,,,"RT @NPR: ""We are in the beginning of a mass extinction, and all you can talk about is money and fairy tales of eternal economic growth. Howâ€¦"
5dcabb3edd8a420f9f1d569d,,,"RT @nprpolitics: WATCH: Greta Thunberg delivered a stirring speech about climate change to world leaders at the United Nations. 

""This isâ€¦"
5dcabb3cdd8a420f9f1d566c,,,"RT @nytimes: Greta Thunberg speaks at the UN climate summit: ""You all come to us young people for hope? How dare you!""
Read more: https://tâ€¦"
5dcabb3ddd8a420f9f1d5686,,,"RT @nytimes: Greta Thunberg speaks at the UN climate summit: ""You all come to us young people for hope? How dare you!""
Read more: https://tâ€¦"
5dcabb3edd8a420f9f1d5691,,,"RT @nytimes: Greta Thunberg speaks at the UN climate summit: ""You all come to us young people for hope? How dare you!""
Read more: https://tâ€¦"
5dcabb3edd8a420f9f1d569f,,,"RT @nytimes: Greta Thunberg speaks at the UN climate summit: ""You all come to us young people for hope? How dare you!""
Read more: https://tâ€¦"
5dcabb42dd8a420f9f1d56e8,,,"RT @nytimes: Greta Thunberg speaks at the UN climate summit: ""You all come to us young people for hope? How dare you!""
Read more: https://tâ€¦"
5dcabb43dd8a420f9f1d5704,,,"RT @nytimes: Greta Thunberg speaks at the UN climate summit: ""You all come to us young people for hope? How dare you!""
Read more: https://tâ€¦"
5dcabb3cdd8a420f9f1d566e,,,"RT @OliverMcGee: Retweet #GretaThunberg is a #ClimateChange Actor Play Acting at @UN!

TO SPEAK TO HER ELDERS SO HARSHLY at #ClimateActionSâ€¦"
5dc8858f678e6d23f7706572,,,RT @piersmorgan: Why are they turning her into Vladimir Putin? https://t.co/LNJFUqa7io
5dc88530678e6d23f7706524,0,0,RT @Piping_Shrike: The Greta Thunberg of the 1980s. (have I got this wrong?) https://t.co/7i061xdTcI
5dcabb3bdd8a420f9f1d5657,,,"RT @prageru: Despicable. 

Leftists are telling children, like Greta Thunberg, that climate change is going to kill them and everyone theyâ€¦"
5dcabb3ddd8a420f9f1d5687,,,"RT @prageru: Despicable. 

Leftists are telling children, like Greta Thunberg, that climate change is going to kill them and everyone theyâ€¦"
5dcabb40dd8a420f9f1d56ba,,,"RT @prageru: Despicable. 

Leftists are telling children, like Greta Thunberg, that climate change is going to kill them and everyone theyâ€¦"
5dc8854a678e6d23f7706535,1,0,"RT @ProfStrachan: Awesome 

Giant #GretaThunberg mural to watch over #SanFrancisco

""I hope with this mural people will realize we have toâ€¦"
5dcabb3bdd8a420f9f1d565b,,,"RT @ProudResister: Trump: â€œClimate change is a hoax.â€

Greta Thunberg: â€œEntire ecosystems are collapsing. We are in the beginning of a massâ€¦"
5dcabb3ddd8a420f9f1d567f,,,"RT @ProudResister: Trump: â€œClimate change is a hoax.â€

Greta Thunberg: â€œEntire ecosystems are collapsing. We are in the beginning of a massâ€¦"
5dc88536678e6d23f7706527,0,1,RT @qgotnorings: liberal idolatry in place of structural change is one of the best ways to co-opt a movement/growing sentiment. https://t.câ€¦
5dc8858f678e6d23f7706573,,,RT @qgotnorings: liberal idolatry in place of structural change is one of the best ways to co-opt a movement/growing sentiment. https://t.câ€¦
5dcabb3add8a420f9f1d563e,,,"RT @RealCandaceO: One day, #GretaThunberg will realize that she is a victim of child abuse, not climate change. 

I genuinely find the videâ€¦"
5dcabb3add8a420f9f1d5643,,,"RT @RealCandaceO: One day, #GretaThunberg will realize that she is a victim of child abuse, not climate change. 

I genuinely find the videâ€¦"
5dcabb3bdd8a420f9f1d5663,,,"RT @RealCandaceO: One day, #GretaThunberg will realize that she is a victim of child abuse, not climate change. 

I genuinely find the videâ€¦"
5dcabb3cdd8a420f9f1d566b,,,"RT @RealCandaceO: One day, #GretaThunberg will realize that she is a victim of child abuse, not climate change. 

I genuinely find the videâ€¦"
5dcabb3cdd8a420f9f1d5670,,,"RT @RealCandaceO: One day, #GretaThunberg will realize that she is a victim of child abuse, not climate change. 

I genuinely find the videâ€¦"
5dcabb3ddd8a420f9f1d567d,,,"RT @RealCandaceO: One day, #GretaThunberg will realize that she is a victim of child abuse, not climate change. 

I genuinely find the videâ€¦"
5dcabb40dd8a420f9f1d56b6,,,"RT @RealCandaceO: One day, #GretaThunberg will realize that she is a victim of child abuse, not climate change. 

I genuinely find the videâ€¦"
5dcabb42dd8a420f9f1d56e3,,,"RT @RealCandaceO: One day, #GretaThunberg will realize that she is a victim of child abuse, not climate change. 

I genuinely find the videâ€¦"
5dcabb43dd8a420f9f1d56fd,,,"RT @RealCandaceO: One day, #GretaThunberg will realize that she is a victim of child abuse, not climate change. 

I genuinely find the videâ€¦"
5dcabb43dd8a420f9f1d56fe,,,"RT @RealCandaceO: One day, #GretaThunberg will realize that she is a victim of child abuse, not climate change. 

I genuinely find the videâ€¦"
5dcabb3add8a420f9f1d5646,,,RT @RealSaavedra: This speech by far-left activist Greta Thunberg is absolute madness https://t.co/RFyIPZlajQ
5dcabb3fdd8a420f9f1d56ab,,,RT @RealSaavedra: This speech by far-left activist Greta Thunberg is absolute madness https://t.co/RFyIPZlajQ
5dcabb41dd8a420f9f1d56cf,,,RT @RealSaavedra: This speech by far-left activist Greta Thunberg is absolute madness https://t.co/RFyIPZlajQ
5dcabb43dd8a420f9f1d56f9,,,RT @RealSaavedra: This speech by far-left activist Greta Thunberg is absolute madness https://t.co/RFyIPZlajQ
5dcabb3fdd8a420f9f1d56af,,,RT @redsteeze: Malala was shot in the head by radical Islamists for going to school. Greta Thunberg traveled on a million-dollar yacht loanâ€¦
5dcabb41dd8a420f9f1d56d2,,,RT @redsteeze: Malala was shot in the head by radical Islamists for going to school. Greta Thunberg traveled on a million-dollar yacht loanâ€¦
5dcabb3ddd8a420f9f1d567b,,,"RT @redsteeze: When you hide behind teenage kids like David Hogg and Greta Thunberg and use them for human shields like you are now, what yâ€¦"
5dcabb3edd8a420f9f1d5699,,,"RT @redsteeze: When you hide behind teenage kids like David Hogg and Greta Thunberg and use them for human shields like you are now, what yâ€¦"
5dcabb3bdd8a420f9f1d5652,,,"RT @RepAdamSchiff: Greta Thunberg, at 16 years old, has more courage and moral clarity on climate change than an entire room full of worldâ€¦"
5dcabb3bdd8a420f9f1d565a,,,"RT @RepAdamSchiff: Greta Thunberg, at 16 years old, has more courage and moral clarity on climate change than an entire room full of worldâ€¦"
5dcabb3ddd8a420f9f1d568b,,,"RT @RepAdamSchiff: Greta Thunberg, at 16 years old, has more courage and moral clarity on climate change than an entire room full of worldâ€¦"
5dcabb3fdd8a420f9f1d56a8,,,"RT @RepAdamSchiff: Greta Thunberg, at 16 years old, has more courage and moral clarity on climate change than an entire room full of worldâ€¦"
5dcabb3fdd8a420f9f1d56ae,,,"RT @RepAdamSchiff: Greta Thunberg, at 16 years old, has more courage and moral clarity on climate change than an entire room full of worldâ€¦"
5dcabb40dd8a420f9f1d56c3,,,"RT @RepAdamSchiff: Greta Thunberg, at 16 years old, has more courage and moral clarity on climate change than an entire room full of worldâ€¦"
5dcabb40dd8a420f9f1d56c5,,,"RT @RepAdamSchiff: Greta Thunberg, at 16 years old, has more courage and moral clarity on climate change than an entire room full of worldâ€¦"
5dcabb42dd8a420f9f1d56de,,,RT @ResisterSiano: Raise your hand if you think Greta Thunberg is more intelligent than every member of the GOP.
5dcabb40dd8a420f9f1d56b7,,,RT @Reuters: 'How dare you? You have stolen my dreams and my childhood.' - Greta Thunberg addresses the UN https://t.co/fednieolmr https://â€¦
5dc88535678e6d23f7706526,0,0,"RT @roxmo: Jesus Christ! Poor San Franciscans, having to look at this idiot with that reprehending look on her face. https://t.co/PH0JcJxZQc"
5dcabb3add8a420f9f1d563d,,,RT @Rschooley: Weird how some people who have a conniption if even the name of Trump's youngest son is mentioned in a tweet seem pretty okaâ€¦
5dc88533678e6d23f7706525,1,1,RT @ryxcommar: Peak California liberalism is painting a mural honoring a 16 year-old climate activist within a year of her rise to prominenâ€¦
5dc8859b678e6d23f770657a,,,RT @ryxcommar: Peak California liberalism is painting a mural honoring a 16 year-old climate activist within a year of her rise to prominenâ€¦
5dcabb3cdd8a420f9f1d5668,,,RT @sbstryker: Greta Thunbergâ€™s glare at Donald Trump is giving me the energy to get through this Monday https://t.co/xdM0rdI2ln
5dcabb3fdd8a420f9f1d56a3,,,RT @sbstryker: Greta Thunbergâ€™s glare at Donald Trump is giving me the energy to get through this Monday https://t.co/xdM0rdI2ln
5dcabb41dd8a420f9f1d56d6,,,RT @sbstryker: Greta Thunbergâ€™s glare at Donald Trump is giving me the energy to get through this Monday https://t.co/xdM0rdI2ln
5dcabb43dd8a420f9f1d56fc,,,RT @sbstryker: Greta Thunbergâ€™s glare at Donald Trump is giving me the energy to get through this Monday https://t.co/xdM0rdI2ln
5dcabb3bdd8a420f9f1d5651,,,"RT @SenWhitehouse: At some point, will old, right-wing men stop trolling Greta Thunberg?  

Itâ€™s really gotten gross. I guess when your morâ€¦"
5dcabb3ddd8a420f9f1d5679,,,RT @SethMacFarlane: Sheâ€™s 1000% correct. Whatâ€™s being advocated is not new. Itâ€™s the accelerated wholesale transformation of an entire induâ€¦
5dcabb3ddd8a420f9f1d5682,,,RT @SethMacFarlane: Sheâ€™s 1000% correct. Whatâ€™s being advocated is not new. Itâ€™s the accelerated wholesale transformation of an entire induâ€¦
5dcabb40dd8a420f9f1d56c6,,,RT @SethMacFarlane: Sheâ€™s 1000% correct. Whatâ€™s being advocated is not new. Itâ€™s the accelerated wholesale transformation of an entire induâ€¦
5dcabb42dd8a420f9f1d56eb,,,RT @SethMacFarlane: Sheâ€™s 1000% correct. Whatâ€™s being advocated is not new. Itâ€™s the accelerated wholesale transformation of an entire induâ€¦
5dcabb42dd8a420f9f1d56e9,,,RT @SketchesbyBoze: I want men to know they can be tender and sensitive and soft like Sufjan Stevens and women to know they can be bold andâ€¦
5dcabb3cdd8a420f9f1d5676,,,RT @Slate: â€œYou are failing us. But the young people are starting to understand your betrayal.â€ https://t.co/DHlmE3Pzn3
5dcabb3cdd8a420f9f1d566d,,,"RT @StefanMolyneux: Oh lord above.
=======
5dcca76af372816fadd094f3,1,0,RT @julientaming: I support her 200%. https://t.co/EJ0qdKvD0T
5dcabb3fdd8a420f9f1d56a5,0,0,"RT @kate_manne: Giving hope, whatever the grim truth of the matter, is a feminine-coded pseudo-obligation that is far too seldom questionedâ€¦"
5dcca6fcf372816fadd094d2,1,1,RT @katy_merrifield: Who will get the warmer greeting in the PMâ€™s office: Greta Thunberg or Jason Kenney? Where is the declaration of an ecâ€¦
5dcca720f372816fadd094e0,1,1,RT @katy_merrifield: Who will get the warmer greeting in the PMâ€™s office: Greta Thunberg or Jason Kenney? Where is the declaration of an ecâ€¦
5dcabb39dd8a420f9f1d563b,0,0,"RT @kylegriffin1: Greta Thunberg at #UNGA: ""This is all wrong. I shouldnâ€™t be up here. I should be in school on the other side of the oceanâ€¦"
5dcabb3edd8a420f9f1d5696,0,0,"RT @kylegriffin1: Greta Thunberg at #UNGA: ""This is all wrong. I shouldnâ€™t be up here. I should be in school on the other side of the oceanâ€¦"
5dcabb3fdd8a420f9f1d56a9,0,0,"RT @kylegriffin1: Greta Thunberg at #UNGA: ""This is all wrong. I shouldnâ€™t be up here. I should be in school on the other side of the oceanâ€¦"
5dcabb3fdd8a420f9f1d56b0,0,0,"RT @kylegriffin1: Greta Thunberg at #UNGA: ""This is all wrong. I shouldnâ€™t be up here. I should be in school on the other side of the oceanâ€¦"
5dcabb40dd8a420f9f1d56b9,0,0,"RT @kylegriffin1: Greta Thunberg at #UNGA: ""This is all wrong. I shouldnâ€™t be up here. I should be in school on the other side of the oceanâ€¦"
5dcabb40dd8a420f9f1d56bf,0,0,"RT @kylegriffin1: Greta Thunberg at #UNGA: ""This is all wrong. I shouldnâ€™t be up here. I should be in school on the other side of the oceanâ€¦"
5dcabb42dd8a420f9f1d56ea,0,0,"RT @kylegriffin1: Greta Thunberg at #UNGA: ""This is all wrong. I shouldnâ€™t be up here. I should be in school on the other side of the oceanâ€¦"
5dc8858d678e6d23f7706571,0,0,"RT @la_cates: A huge, angry, Greta Thunberg, looming big over San Francisco... https://t.co/5A6lNrNSkb"
5dcabb3edd8a420f9f1d5690,0,0,RT @lesleyabravanel: I am in awe of this young woman. In a world plagued by vapid vanity and world leaders completely devoid of a moral fabâ€¦
5dcabb3fdd8a420f9f1d56a6,0,0,RT @Liz_Wheeler: Trump ignores Greta Thunberg. ðŸ¤£ðŸ‡ºðŸ‡¸ https://t.co/phY7lKfbHj
5dcabb41dd8a420f9f1d56ca,0,0,RT @Liz_Wheeler: Trump ignores Greta Thunberg. ðŸ¤£ðŸ‡ºðŸ‡¸ https://t.co/phY7lKfbHj
5dcabb41dd8a420f9f1d56db,0,0,RT @LoriCardille: I dedicate this photo to Greta Thunberg. I call it DEFIANCE.  You are amazing Greta and we are with you. Thank you for beâ€¦
5dc88528678e6d23f770651e,0,0,RT @MamoudouNDiaye: didn't she explicitly say she wants change not idolatry? https://t.co/7iLCeSFnP4
5dc8857a678e6d23f7706564,0,0,RT @MamoudouNDiaye: didn't she explicitly say she wants change not idolatry? https://t.co/7iLCeSFnP4
5dc8857e678e6d23f7706566,0,0,RT @MamoudouNDiaye: didn't she explicitly say she wants change not idolatry? https://t.co/7iLCeSFnP4
5dc88580678e6d23f7706567,0,0,RT @MamoudouNDiaye: didn't she explicitly say she wants change not idolatry? https://t.co/7iLCeSFnP4
5dcca718f372816fadd094db,0,0,"RT @manny_ottawa: â€œItâ€™s freezing in Canada and USA, I think I went to far in stopping Global Warming â€. @GretaThunberg 

Greta Thunberg toâ€¦"
5dcabb43dd8a420f9f1d56f3,0,0,RT @MarkDice: This brat Greta Thunberg makes me want to start dumping my trash in the ocean  https://t.co/HJIR3pDkpH
5dc88560678e6d23f770654c,1,0,RT @MatthewACherry: Iâ€™m waiting on the @LittleMissFlint mural myself https://t.co/wp9MvLT5Df
5dc88578678e6d23f7706561,1,0,RT @MatthewACherry: Iâ€™m waiting on the @LittleMissFlint mural myself https://t.co/wp9MvLT5Df
5dc8859b678e6d23f770657b,1,0,RT @MatthewACherry: Iâ€™m waiting on the @LittleMissFlint mural myself https://t.co/wp9MvLT5Df
5dcca6fff372816fadd094d3,1,0,"RT @MPRnews: 2.5 months after she arrived in New York Harbor, Greta Thunberg set â›µï¸sailâ›µï¸ back to Europe. 
https://t.co/pc7PZpc3SW"
5dc8853b678e6d23f770652a,0,1,RT @MrAndyNgo: I thought this was Putin. https://t.co/hOuQSmVPpn
5dcabb41dd8a420f9f1d56cb,0,1,"RT @murrayb560sl: Question:
Why do right-wing men hate Greta Thunberg and Alexandria Ocasio-Cortez so much? ðŸ¤”    .......Researchers have soâ€¦"
5dcabb3cdd8a420f9f1d5672,1,0,"RT @MyDaughtersArmy: We are all Greta Thunberg.
 https://t.co/dEyjsfTOJE"
5dcabb3ddd8a420f9f1d568c,1,0,"RT @MyDaughtersArmy: We are all Greta Thunberg.
 https://t.co/dEyjsfTOJE"
5dcabb40dd8a420f9f1d56bc,1,0,"RT @MyDaughtersArmy: We are all Greta Thunberg.
 https://t.co/dEyjsfTOJE"
5dcabb41dd8a420f9f1d56dd,1,0,"RT @MyDaughtersArmy: We are all Greta Thunberg.
 https://t.co/dEyjsfTOJE"
5dcabb3add8a420f9f1d5648,1,1,"RT @NBCNews: WATCH: Greta Thunberg passionately shares her message to world leaders at #UNGA:

""We'll be watching you ... You'll come to usâ€¦"
5dcabb3cdd8a420f9f1d566f,1,1,"RT @NBCNews: WATCH: Greta Thunberg passionately shares her message to world leaders at #UNGA:

""We'll be watching you ... You'll come to usâ€¦"
5dc8854c678e6d23f7706536,0,0,RT @Neoavatara: Paint is a major contributor to pollution... https://t.co/Hz3RaxIQqD
5dcabb43dd8a420f9f1d56fa,0,1,"RT @NPR: ""We are in the beginning of a mass extinction, and all you can talk about is money and fairy tales of eternal economic growth. Howâ€¦"
5dcabb3edd8a420f9f1d569d,1,1,"RT @nprpolitics: WATCH: Greta Thunberg delivered a stirring speech about climate change to world leaders at the United Nations. 

""This isâ€¦"
5dcabb3cdd8a420f9f1d566c,0,1,"RT @nytimes: Greta Thunberg speaks at the UN climate summit: ""You all come to us young people for hope? How dare you!""
Read more: https://tâ€¦"
5dcabb3ddd8a420f9f1d5686,0,1,"RT @nytimes: Greta Thunberg speaks at the UN climate summit: ""You all come to us young people for hope? How dare you!""
Read more: https://tâ€¦"
5dcabb3edd8a420f9f1d5691,0,1,"RT @nytimes: Greta Thunberg speaks at the UN climate summit: ""You all come to us young people for hope? How dare you!""
Read more: https://tâ€¦"
5dcabb3edd8a420f9f1d569f,0,1,"RT @nytimes: Greta Thunberg speaks at the UN climate summit: ""You all come to us young people for hope? How dare you!""
Read more: https://tâ€¦"
5dcabb42dd8a420f9f1d56e8,0,1,"RT @nytimes: Greta Thunberg speaks at the UN climate summit: ""You all come to us young people for hope? How dare you!""
Read more: https://tâ€¦"
5dcabb43dd8a420f9f1d5704,0,1,"RT @nytimes: Greta Thunberg speaks at the UN climate summit: ""You all come to us young people for hope? How dare you!""
Read more: https://tâ€¦"
5dcca6ecf372816fadd094cd,1,1,"RT @nytimes: Greta Thunberg will sail to Spain, where she hopes to arrive in time for the next round of U.N.-sponsored climate talks https:â€¦"
5dcca74ff372816fadd094ec,1,1,"RT @nytimes: Greta Thunberg will sail to Spain, where she hopes to arrive in time for the next round of U.N.-sponsored climate talks https:â€¦"
5dcabb3cdd8a420f9f1d566e,1,1,"RT @OliverMcGee: Retweet #GretaThunberg is a #ClimateChange Actor Play Acting at @UN!

TO SPEAK TO HER ELDERS SO HARSHLY at #ClimateActionSâ€¦"
5dc8858f678e6d23f7706572,0,1,RT @piersmorgan: Why are they turning her into Vladimir Putin? https://t.co/LNJFUqa7io
5dc88530678e6d23f7706524,0,0,RT @Piping_Shrike: The Greta Thunberg of the 1980s. (have I got this wrong?) https://t.co/7i061xdTcI
5dcca73bf372816fadd094e8,0,0,RT @Plaqster: @JewelsMaga45 @DariusVolket Her &amp; Greta need to go to a deserted island.
5dcabb3bdd8a420f9f1d5657,0,1,"RT @prageru: Despicable. 

Leftists are telling children, like Greta Thunberg, that climate change is going to kill them and everyone theyâ€¦"
5dcabb3ddd8a420f9f1d5687,0,1,"RT @prageru: Despicable. 

Leftists are telling children, like Greta Thunberg, that climate change is going to kill them and everyone theyâ€¦"
5dcabb40dd8a420f9f1d56ba,0,1,"RT @prageru: Despicable. 

Leftists are telling children, like Greta Thunberg, that climate change is going to kill them and everyone theyâ€¦"
5dc8854a678e6d23f7706535,1,0,"RT @ProfStrachan: Awesome 

Giant #GretaThunberg mural to watch over #SanFrancisco

""I hope with this mural people will realize we have toâ€¦"
5dcabb3bdd8a420f9f1d565b,0,1,"RT @ProudResister: Trump: â€œClimate change is a hoax.â€

Greta Thunberg: â€œEntire ecosystems are collapsing. We are in the beginning of a massâ€¦"
5dcabb3ddd8a420f9f1d567f,0,1,"RT @ProudResister: Trump: â€œClimate change is a hoax.â€

Greta Thunberg: â€œEntire ecosystems are collapsing. We are in the beginning of a massâ€¦"
5dc88536678e6d23f7706527,0,1,RT @qgotnorings: liberal idolatry in place of structural change is one of the best ways to co-opt a movement/growing sentiment. https://t.câ€¦
5dc8858f678e6d23f7706573,0,1,RT @qgotnorings: liberal idolatry in place of structural change is one of the best ways to co-opt a movement/growing sentiment. https://t.câ€¦
5dcabb3add8a420f9f1d563e,0,0,"RT @RealCandaceO: One day, #GretaThunberg will realize that she is a victim of child abuse, not climate change. 

I genuinely find the videâ€¦"
5dcabb3add8a420f9f1d5643,0,0,"RT @RealCandaceO: One day, #GretaThunberg will realize that she is a victim of child abuse, not climate change. 

I genuinely find the videâ€¦"
5dcabb3bdd8a420f9f1d5663,0,0,"RT @RealCandaceO: One day, #GretaThunberg will realize that she is a victim of child abuse, not climate change. 

I genuinely find the videâ€¦"
5dcabb3cdd8a420f9f1d566b,0,0,"RT @RealCandaceO: One day, #GretaThunberg will realize that she is a victim of child abuse, not climate change. 

I genuinely find the videâ€¦"
5dcabb3cdd8a420f9f1d5670,0,0,"RT @RealCandaceO: One day, #GretaThunberg will realize that she is a victim of child abuse, not climate change. 

I genuinely find the videâ€¦"
5dcabb3ddd8a420f9f1d567d,0,0,"RT @RealCandaceO: One day, #GretaThunberg will realize that she is a victim of child abuse, not climate change. 

I genuinely find the videâ€¦"
5dcabb40dd8a420f9f1d56b6,0,0,"RT @RealCandaceO: One day, #GretaThunberg will realize that she is a victim of child abuse, not climate change. 

I genuinely find the videâ€¦"
5dcabb42dd8a420f9f1d56e3,0,0,"RT @RealCandaceO: One day, #GretaThunberg will realize that she is a victim of child abuse, not climate change. 

I genuinely find the videâ€¦"
5dcabb43dd8a420f9f1d56fd,0,0,"RT @RealCandaceO: One day, #GretaThunberg will realize that she is a victim of child abuse, not climate change. 

I genuinely find the videâ€¦"
5dcabb43dd8a420f9f1d56fe,0,0,"RT @RealCandaceO: One day, #GretaThunberg will realize that she is a victim of child abuse, not climate change. 

I genuinely find the videâ€¦"
5dcabb3add8a420f9f1d5646,0,0,RT @RealSaavedra: This speech by far-left activist Greta Thunberg is absolute madness https://t.co/RFyIPZlajQ
5dcabb3fdd8a420f9f1d56ab,0,0,RT @RealSaavedra: This speech by far-left activist Greta Thunberg is absolute madness https://t.co/RFyIPZlajQ
5dcabb41dd8a420f9f1d56cf,0,0,RT @RealSaavedra: This speech by far-left activist Greta Thunberg is absolute madness https://t.co/RFyIPZlajQ
5dcabb43dd8a420f9f1d56f9,0,0,RT @RealSaavedra: This speech by far-left activist Greta Thunberg is absolute madness https://t.co/RFyIPZlajQ
5dcabb3fdd8a420f9f1d56af,0,0,RT @redsteeze: Malala was shot in the head by radical Islamists for going to school. Greta Thunberg traveled on a million-dollar yacht loanâ€¦
5dcabb41dd8a420f9f1d56d2,0,0,RT @redsteeze: Malala was shot in the head by radical Islamists for going to school. Greta Thunberg traveled on a million-dollar yacht loanâ€¦
5dcabb3ddd8a420f9f1d567b,0,0,"RT @redsteeze: When you hide behind teenage kids like David Hogg and Greta Thunberg and use them for human shields like you are now, what yâ€¦"
5dcabb3edd8a420f9f1d5699,0,0,"RT @redsteeze: When you hide behind teenage kids like David Hogg and Greta Thunberg and use them for human shields like you are now, what yâ€¦"
5dcabb3bdd8a420f9f1d5652,1,0,"RT @RepAdamSchiff: Greta Thunberg, at 16 years old, has more courage and moral clarity on climate change than an entire room full of worldâ€¦"
5dcabb3bdd8a420f9f1d565a,1,0,"RT @RepAdamSchiff: Greta Thunberg, at 16 years old, has more courage and moral clarity on climate change than an entire room full of worldâ€¦"
5dcabb3ddd8a420f9f1d568b,1,0,"RT @RepAdamSchiff: Greta Thunberg, at 16 years old, has more courage and moral clarity on climate change than an entire room full of worldâ€¦"
5dcabb3fdd8a420f9f1d56a8,1,0,"RT @RepAdamSchiff: Greta Thunberg, at 16 years old, has more courage and moral clarity on climate change than an entire room full of worldâ€¦"
5dcabb3fdd8a420f9f1d56ae,1,0,"RT @RepAdamSchiff: Greta Thunberg, at 16 years old, has more courage and moral clarity on climate change than an entire room full of worldâ€¦"
5dcabb40dd8a420f9f1d56c3,1,0,"RT @RepAdamSchiff: Greta Thunberg, at 16 years old, has more courage and moral clarity on climate change than an entire room full of worldâ€¦"
5dcabb40dd8a420f9f1d56c5,1,0,"RT @RepAdamSchiff: Greta Thunberg, at 16 years old, has more courage and moral clarity on climate change than an entire room full of worldâ€¦"
5dcabb42dd8a420f9f1d56de,0,1,RT @ResisterSiano: Raise your hand if you think Greta Thunberg is more intelligent than every member of the GOP.
5dcabb40dd8a420f9f1d56b7,0,0,RT @Reuters: 'How dare you? You have stolen my dreams and my childhood.' - Greta Thunberg addresses the UN https://t.co/fednieolmr https://â€¦
5dc88535678e6d23f7706526,0,0,"RT @roxmo: Jesus Christ! Poor San Franciscans, having to look at this idiot with that reprehending look on her face. https://t.co/PH0JcJxZQc"
5dcabb3add8a420f9f1d563d,0,1,RT @Rschooley: Weird how some people who have a conniption if even the name of Trump's youngest son is mentioned in a tweet seem pretty okaâ€¦
5dc88533678e6d23f7706525,1,1,RT @ryxcommar: Peak California liberalism is painting a mural honoring a 16 year-old climate activist within a year of her rise to prominenâ€¦
5dc8859b678e6d23f770657a,1,1,RT @ryxcommar: Peak California liberalism is painting a mural honoring a 16 year-old climate activist within a year of her rise to prominenâ€¦
5dcca6e3f372816fadd094ca,1,1,RT @ryxcommar: Peak California liberalism is painting a mural honoring a 16 year-old climate activist within a year of her rise to prominenâ€¦
5dcca756f372816fadd094ef,1,1,RT @ryxcommar: Peak California liberalism is painting a mural honoring a 16 year-old climate activist within a year of her rise to prominenâ€¦
5dcabb3cdd8a420f9f1d5668,1,1,RT @sbstryker: Greta Thunbergâ€™s glare at Donald Trump is giving me the energy to get through this Monday https://t.co/xdM0rdI2ln
5dcabb3fdd8a420f9f1d56a3,1,1,RT @sbstryker: Greta Thunbergâ€™s glare at Donald Trump is giving me the energy to get through this Monday https://t.co/xdM0rdI2ln
5dcabb41dd8a420f9f1d56d6,1,1,RT @sbstryker: Greta Thunbergâ€™s glare at Donald Trump is giving me the energy to get through this Monday https://t.co/xdM0rdI2ln
5dcabb43dd8a420f9f1d56fc,1,1,RT @sbstryker: Greta Thunbergâ€™s glare at Donald Trump is giving me the energy to get through this Monday https://t.co/xdM0rdI2ln
5dcabb3bdd8a420f9f1d5651,0,1,"RT @SenWhitehouse: At some point, will old, right-wing men stop trolling Greta Thunberg?  

Itâ€™s really gotten gross. I guess when your morâ€¦"
5dcabb3ddd8a420f9f1d5679,1,0,RT @SethMacFarlane: Sheâ€™s 1000% correct. Whatâ€™s being advocated is not new. Itâ€™s the accelerated wholesale transformation of an entire induâ€¦
5dcabb3ddd8a420f9f1d5682,1,0,RT @SethMacFarlane: Sheâ€™s 1000% correct. Whatâ€™s being advocated is not new. Itâ€™s the accelerated wholesale transformation of an entire induâ€¦
5dcabb40dd8a420f9f1d56c6,1,0,RT @SethMacFarlane: Sheâ€™s 1000% correct. Whatâ€™s being advocated is not new. Itâ€™s the accelerated wholesale transformation of an entire induâ€¦
5dcabb42dd8a420f9f1d56eb,1,0,RT @SethMacFarlane: Sheâ€™s 1000% correct. Whatâ€™s being advocated is not new. Itâ€™s the accelerated wholesale transformation of an entire induâ€¦
5dcabb42dd8a420f9f1d56e9,1,0,RT @SketchesbyBoze: I want men to know they can be tender and sensitive and soft like Sufjan Stevens and women to know they can be bold andâ€¦
5dcabb3cdd8a420f9f1d5676,1,0,RT @Slate: â€œYou are failing us. But the young people are starting to understand your betrayal.â€ https://t.co/DHlmE3Pzn3
5dcabb3cdd8a420f9f1d566d,0,0,"RT @StefanMolyneux: Oh lord above.
>>>>>>> master

Which countries are Greta Thunberg targeting for climate sins?

Germany, France, Brazil, Argentina andâ€¦"
<<<<<<< HEAD
5dcabb40dd8a420f9f1d56c9,,,"RT @StefanMolyneux: Oh lord above.
=======
5dcabb40dd8a420f9f1d56c9,0,0,"RT @StefanMolyneux: Oh lord above.
>>>>>>> master

Which countries are Greta Thunberg targeting for climate sins?

Germany, France, Brazil, Argentina andâ€¦"
<<<<<<< HEAD
5dcabb43dd8a420f9f1d56f4,,,RT @stonecold2050: Greta Thunberg glares at the Idiot arriving at United Nations after scolding international politicians over climate chanâ€¦
5dc88538678e6d23f7706529,0,0,RT @SupremeTankie: At this point yâ€™all are deliberately trying to give @earwulf a stroke. https://t.co/MZgwM5Skod
5dcabb3fdd8a420f9f1d56b4,,,"RT @TheBabylonBee: Marionette Strings Clearly Visible During Greta Thunberg Testimony
https://t.co/1sQcrBU5Dc"
5dcabb41dd8a420f9f1d56dc,,,"RT @TheBabylonBee: Marionette Strings Clearly Visible During Greta Thunberg Testimony
https://t.co/1sQcrBU5Dc"
5dcabb3cdd8a420f9f1d5669,,,"RT @TheCrushedBones: Wherever Greta Thunberg goes, no matter how powerful and prestigious her audience she receives standing ovations. I thâ€¦"
5dcabb3fdd8a420f9f1d56ac,,,"RT @thehill: WATCH: Greta Thunberg tears into world leaders for inaction on climate change at UN summit: ""How dare you"" https://t.co/xrMpNFâ€¦"
5dcabb42dd8a420f9f1d56e6,,,"RT @TheMominatrixx: GOP: 16-year-old girls are very mature; they can legally consent to sex + get married

Also GOP: 16 year-old Greta Thunâ€¦"
5dcabb42dd8a420f9f1d56ed,,,"RT @TIME: ""You have stolen my dreams and my childhood"": Greta Thunberg gives powerful speech at UGNA climate summit https://t.co/wTnCS8wy38"
5dcabb3bdd8a420f9f1d5655,,,RT @TIME: Greta Thunberg to world leaders at the U.N. climate summit: â€œYou have stolen my dreams and my childhood with your empty wordsâ€ htâ€¦
5dcabb3ddd8a420f9f1d567c,,,RT @TIME: Greta Thunberg to world leaders at the U.N. climate summit: â€œYou have stolen my dreams and my childhood with your empty wordsâ€ htâ€¦
5dcabb3edd8a420f9f1d5693,,,RT @TIME: Greta Thunberg to world leaders at the U.N. climate summit: â€œYou have stolen my dreams and my childhood with your empty wordsâ€ htâ€¦
5dcabb3edd8a420f9f1d569a,,,RT @TIME: Greta Thunberg to world leaders at the U.N. climate summit: â€œYou have stolen my dreams and my childhood with your empty wordsâ€ htâ€¦
5dcabb3edd8a420f9f1d569e,,,RT @TIME: Greta Thunberg to world leaders at the U.N. climate summit: â€œYou have stolen my dreams and my childhood with your empty wordsâ€ htâ€¦
5dcabb40dd8a420f9f1d56c8,,,RT @TIME: Greta Thunberg to world leaders at the U.N. climate summit: â€œYou have stolen my dreams and my childhood with your empty wordsâ€ htâ€¦
5dcabb41dd8a420f9f1d56d8,,,RT @TIME: Greta Thunberg to world leaders at the U.N. climate summit: â€œYou have stolen my dreams and my childhood with your empty wordsâ€ htâ€¦
5dcabb42dd8a420f9f1d56ef,,,RT @TIME: Greta Thunberg to world leaders at the U.N. climate summit: â€œYou have stolen my dreams and my childhood with your empty wordsâ€ htâ€¦
5dcabb40dd8a420f9f1d56c7,,,"RT @timjacobwise: You can't have it both ways. You can't attack young folk for being self-absorbed &amp; only concerned about makeup tutorials,â€¦"
=======
5dcabb43dd8a420f9f1d56f4,0,0,RT @stonecold2050: Greta Thunberg glares at the Idiot arriving at United Nations after scolding international politicians over climate chanâ€¦
5dc88538678e6d23f7706529,0,0,RT @SupremeTankie: At this point yâ€™all are deliberately trying to give @earwulf a stroke. https://t.co/MZgwM5Skod
5dcca719f372816fadd094dc,0,0,"RT @tan123: Greta seems frustrated that rational people scoff at her fake ""climate crisis"". https://t.co/8ysSpwtFlt"
5dcca6f4f372816fadd094d0,0,0,"RT @tan123: Uh oh: Greta's planet-destroying luxury yacht has two diesel  engines with 672L diesel fuel tank.

https://t.co/vkQM1bHlls

httâ€¦"
5dcca6ecf372816fadd094cc,0,0,RT @TheBabylonBee: Impeachment Committee Calls First Star Witness Greta Thunberg https://t.co/5bVsO4jywE
5dcca751f372816fadd094ed,0,0,RT @TheBabylonBee: Impeachment Committee Calls First Star Witness Greta Thunberg https://t.co/5bVsO4jywE
5dcca773f372816fadd094f6,0,0,RT @TheBabylonBee: Impeachment Committee Calls First Star Witness Greta Thunberg https://t.co/5bVsO4jywE
5dcabb3fdd8a420f9f1d56b4,0,0,"RT @TheBabylonBee: Marionette Strings Clearly Visible During Greta Thunberg Testimony
https://t.co/1sQcrBU5Dc"
5dcabb41dd8a420f9f1d56dc,0,0,"RT @TheBabylonBee: Marionette Strings Clearly Visible During Greta Thunberg Testimony
https://t.co/1sQcrBU5Dc"
5dcabb3cdd8a420f9f1d5669,1,0,"RT @TheCrushedBones: Wherever Greta Thunberg goes, no matter how powerful and prestigious her audience she receives standing ovations. I thâ€¦"
5dcabb3fdd8a420f9f1d56ac,0,1,"RT @thehill: WATCH: Greta Thunberg tears into world leaders for inaction on climate change at UN summit: ""How dare you"" https://t.co/xrMpNFâ€¦"
5dcabb42dd8a420f9f1d56e6,1,0,"RT @TheMominatrixx: GOP: 16-year-old girls are very mature; they can legally consent to sex + get married

Also GOP: 16 year-old Greta Thunâ€¦"
5dcca748f372816fadd094ea,1,0,RT @therightblue: Greta Thunberg to sail to Spain climate summit with YouTubers https://t.co/ZFAf6Gg3Hn
5dcabb42dd8a420f9f1d56ed,1,0,"RT @TIME: ""You have stolen my dreams and my childhood"": Greta Thunberg gives powerful speech at UGNA climate summit https://t.co/wTnCS8wy38"
5dcabb3bdd8a420f9f1d5655,1,1,RT @TIME: Greta Thunberg to world leaders at the U.N. climate summit: â€œYou have stolen my dreams and my childhood with your empty wordsâ€ htâ€¦
5dcabb3ddd8a420f9f1d567c,1,1,RT @TIME: Greta Thunberg to world leaders at the U.N. climate summit: â€œYou have stolen my dreams and my childhood with your empty wordsâ€ htâ€¦
5dcabb3edd8a420f9f1d5693,1,1,RT @TIME: Greta Thunberg to world leaders at the U.N. climate summit: â€œYou have stolen my dreams and my childhood with your empty wordsâ€ htâ€¦
5dcabb3edd8a420f9f1d569a,1,1,RT @TIME: Greta Thunberg to world leaders at the U.N. climate summit: â€œYou have stolen my dreams and my childhood with your empty wordsâ€ htâ€¦
5dcabb3edd8a420f9f1d569e,1,1,RT @TIME: Greta Thunberg to world leaders at the U.N. climate summit: â€œYou have stolen my dreams and my childhood with your empty wordsâ€ htâ€¦
5dcabb40dd8a420f9f1d56c8,1,1,RT @TIME: Greta Thunberg to world leaders at the U.N. climate summit: â€œYou have stolen my dreams and my childhood with your empty wordsâ€ htâ€¦
5dcabb41dd8a420f9f1d56d8,1,1,RT @TIME: Greta Thunberg to world leaders at the U.N. climate summit: â€œYou have stolen my dreams and my childhood with your empty wordsâ€ htâ€¦
5dcabb42dd8a420f9f1d56ef,1,1,RT @TIME: Greta Thunberg to world leaders at the U.N. climate summit: â€œYou have stolen my dreams and my childhood with your empty wordsâ€ htâ€¦
5dcabb40dd8a420f9f1d56c7,0,0,"RT @timjacobwise: You can't have it both ways. You can't attack young folk for being self-absorbed &amp; only concerned about makeup tutorials,â€¦"
>>>>>>> master
5dc8854e678e6d23f770653a,0,1,"RT @TomLondon6: You know these terrible things the Tories &amp; the mainstream media pump out about Mr Corbyn?

Look in a history book

Similarâ€¦"
<<<<<<< HEAD
5dc8857a678e6d23f7706563,,,"RT @TomLondon6: You know these terrible things the Tories &amp; the mainstream media pump out about Mr Corbyn?
=======
5dc8857a678e6d23f7706563,0,1,"RT @TomLondon6: You know these terrible things the Tories &amp; the mainstream media pump out about Mr Corbyn?
>>>>>>> master

Look in a history book

Similarâ€¦"
<<<<<<< HEAD
5dc88593678e6d23f7706576,,,"RT @TomLondon6: You know these terrible things the Tories &amp; the mainstream media pump out about Mr Corbyn?
=======
5dc88593678e6d23f7706576,0,1,"RT @TomLondon6: You know these terrible things the Tories &amp; the mainstream media pump out about Mr Corbyn?
>>>>>>> master

Look in a history book

Similarâ€¦"
<<<<<<< HEAD
5dcabb3bdd8a420f9f1d5656,,,"RT @tonyposnanski: Fuck every single dumbfuck adult who attacks Greta Thunberg, who has more courage and heart than every one of those piecâ€¦"
5dcabb3edd8a420f9f1d568d,,,"RT @tonyposnanski: Fuck every single dumbfuck adult who attacks Greta Thunberg, who has more courage and heart than every one of those piecâ€¦"
5dcabb3add8a420f9f1d564b,,,"RT @TwitterMoments: â€œWe are in the beginning of a mass extinction and all you can talk about is money,â€ said Greta Thunberg in a moving speâ€¦"
5dcabb42dd8a420f9f1d56df,,,"RT @TwitterMoments: â€œWe are in the beginning of a mass extinction and all you can talk about is money,â€ said Greta Thunberg in a moving speâ€¦"
5dcabb3bdd8a420f9f1d5653,,,RT @TXTrumpette89: SURPRISE! The Official Escort for 16-Year-Old Global Warming â€˜Expertâ€™ Greta Thunberg Is a Leftist Hack Funded by Georgeâ€¦
5dcabb3cdd8a420f9f1d5678,,,RT @TXTrumpette89: SURPRISE! The Official Escort for 16-Year-Old Global Warming â€˜Expertâ€™ Greta Thunberg Is a Leftist Hack Funded by Georgeâ€¦
5dcabb3ddd8a420f9f1d5688,,,"RT @uhshanti: it's depressing to see Greta Thunberg treated the same way Malala Yousafzai was -- fÃªted and fawned over, but not actually liâ€¦"
5dcabb3ddd8a420f9f1d567a,,,RT @ValerieComplex: I hope the same energy given to Greta Thunberg is the same energy you give to Little Miss Flint because Flint still witâ€¦
5dcabb3edd8a420f9f1d5694,,,RT @ValerieComplex: I hope the same energy given to Greta Thunberg is the same energy you give to Little Miss Flint because Flint still witâ€¦
5dcabb3edd8a420f9f1d5695,,,RT @ValerieComplex: I hope the same energy given to Greta Thunberg is the same energy you give to Little Miss Flint because Flint still witâ€¦
5dcabb41dd8a420f9f1d56d3,,,RT @ValerieComplex: I hope the same energy given to Greta Thunberg is the same energy you give to Little Miss Flint because Flint still witâ€¦
5dcabb42dd8a420f9f1d56ec,,,RT @ValerieComplex: I hope the same energy given to Greta Thunberg is the same energy you give to Little Miss Flint because Flint still witâ€¦
5dcabb40dd8a420f9f1d56c2,,,"RT @voguemagazine: â€œWe are in the beginning of a mass extinction, and all you can talk about is money and fairy tales of eternal economic gâ€¦"
5dcabb3bdd8a420f9f1d5654,,,"RT @w_terrence: WHY EXPLOIT CHILDREN? 

Greta Thunberg said the world is coming to an extinction. Why is she not at school? Why do her pareâ€¦"
5dcabb3bdd8a420f9f1d5658,,,"RT @w_terrence: WHY EXPLOIT CHILDREN? 

Greta Thunberg said the world is coming to an extinction. Why is she not at school? Why do her pareâ€¦"
5dcabb3ddd8a420f9f1d5689,,,"RT @w_terrence: WHY EXPLOIT CHILDREN? 

Greta Thunberg said the world is coming to an extinction. Why is she not at school? Why do her pareâ€¦"
5dcabb3edd8a420f9f1d5697,,,"RT @w_terrence: WHY EXPLOIT CHILDREN? 

Greta Thunberg said the world is coming to an extinction. Why is she not at school? Why do her pareâ€¦"
5dc88526678e6d23f770651d,0,1,RT @walletcheck: liberals have decided that the only necessary measure to stop climate change is to appease the child god Greta with idolatâ€¦
5dc88573678e6d23f770655e,,,RT @walletcheck: liberals have decided that the only necessary measure to stop climate change is to appease the child god Greta with idolatâ€¦
5dc88583678e6d23f7706569,,,RT @walletcheck: liberals have decided that the only necessary measure to stop climate change is to appease the child god Greta with idolatâ€¦
5dc88587678e6d23f770656e,,,RT @walletcheck: liberals have decided that the only necessary measure to stop climate change is to appease the child god Greta with idolatâ€¦
5dc88593678e6d23f7706575,,,RT @walletcheck: liberals have decided that the only necessary measure to stop climate change is to appease the child god Greta with idolatâ€¦
5dc8859b678e6d23f7706579,,,RT @walletcheck: liberals have decided that the only necessary measure to stop climate change is to appease the child god Greta with idolatâ€¦
5dc88548678e6d23f7706534,0,0,"RT @WayneDupreeShow: This god-worship of Greta T is going to far, don't you think?  

 https://t.co/HNAL2QLQRo"
5dcabb3cdd8a420f9f1d5666,,,"RT @WayneDupreeShow: Where are this child's parents? People are calling this abuse. What say you? 

https://t.co/Xa3AuWDJl3"
5dcabb3add8a420f9f1d5647,,,"RT @WIRED: â€People are suffering, people are dying, entire ecosystems are collapsing. We are in the beginning of a mass extinction and allâ€¦"
5dcabb3bdd8a420f9f1d565c,,,"RT @WIRED: â€People are suffering, people are dying, entire ecosystems are collapsing. We are in the beginning of a mass extinction and allâ€¦"
5dcabb3bdd8a420f9f1d565e,,,"RT @WIRED: â€People are suffering, people are dying, entire ecosystems are collapsing. We are in the beginning of a mass extinction and allâ€¦"
5dcabb3cdd8a420f9f1d5665,,,"RT @WIRED: â€People are suffering, people are dying, entire ecosystems are collapsing. We are in the beginning of a mass extinction and allâ€¦"
5dcabb40dd8a420f9f1d56bd,,,"RT @WIRED: â€People are suffering, people are dying, entire ecosystems are collapsing. We are in the beginning of a mass extinction and allâ€¦"
5dcabb41dd8a420f9f1d56d4,,,"RT @WIRED: â€People are suffering, people are dying, entire ecosystems are collapsing. We are in the beginning of a mass extinction and allâ€¦"
5dcabb42dd8a420f9f1d56e4,,,"RT @WIRED: â€People are suffering, people are dying, entire ecosystems are collapsing. We are in the beginning of a mass extinction and allâ€¦"
5dcabb43dd8a420f9f1d56fb,,,"RT @WIRED: â€People are suffering, people are dying, entire ecosystems are collapsing. We are in the beginning of a mass extinction and allâ€¦"
5dcabb41dd8a420f9f1d56cd,,,"RT @WordswithSteph: #MoscowMitch Marathon 

Democratic voters think theyâ€™re â€œjust going to have to wait for the Mitch McConnells of the Repâ€¦"
5dcabb43dd8a420f9f1d56f8,,,"RT @WordswithSteph: #MoscowMitch Marathon 

Democratic voters think theyâ€™re â€œjust going to have to wait for the Mitch McConnells of the Repâ€¦"
5dcabb3edd8a420f9f1d56a0,,,"RT @WordswithSteph: Swedish climate change activist Greta Thunberg has been nominated for the Nobel Peace Prize 
=======
5dcabb3bdd8a420f9f1d5656,0,0,"RT @tonyposnanski: Fuck every single dumbfuck adult who attacks Greta Thunberg, who has more courage and heart than every one of those piecâ€¦"
5dcabb3edd8a420f9f1d568d,0,0,"RT @tonyposnanski: Fuck every single dumbfuck adult who attacks Greta Thunberg, who has more courage and heart than every one of those piecâ€¦"
5dcabb3add8a420f9f1d564b,0,0,"RT @TwitterMoments: â€œWe are in the beginning of a mass extinction and all you can talk about is money,â€ said Greta Thunberg in a moving speâ€¦"
5dcabb42dd8a420f9f1d56df,0,0,"RT @TwitterMoments: â€œWe are in the beginning of a mass extinction and all you can talk about is money,â€ said Greta Thunberg in a moving speâ€¦"
5dcabb3bdd8a420f9f1d5653,0,1,RT @TXTrumpette89: SURPRISE! The Official Escort for 16-Year-Old Global Warming â€˜Expertâ€™ Greta Thunberg Is a Leftist Hack Funded by Georgeâ€¦
5dcabb3cdd8a420f9f1d5678,0,1,RT @TXTrumpette89: SURPRISE! The Official Escort for 16-Year-Old Global Warming â€˜Expertâ€™ Greta Thunberg Is a Leftist Hack Funded by Georgeâ€¦
5dcabb3ddd8a420f9f1d5688,0,0,"RT @uhshanti: it's depressing to see Greta Thunberg treated the same way Malala Yousafzai was -- fÃªted and fawned over, but not actually liâ€¦"
5dcabb3ddd8a420f9f1d567a,1,0,RT @ValerieComplex: I hope the same energy given to Greta Thunberg is the same energy you give to Little Miss Flint because Flint still witâ€¦
5dcabb3edd8a420f9f1d5694,1,0,RT @ValerieComplex: I hope the same energy given to Greta Thunberg is the same energy you give to Little Miss Flint because Flint still witâ€¦
5dcabb3edd8a420f9f1d5695,1,0,RT @ValerieComplex: I hope the same energy given to Greta Thunberg is the same energy you give to Little Miss Flint because Flint still witâ€¦
5dcabb41dd8a420f9f1d56d3,1,0,RT @ValerieComplex: I hope the same energy given to Greta Thunberg is the same energy you give to Little Miss Flint because Flint still witâ€¦
5dcabb42dd8a420f9f1d56ec,1,0,RT @ValerieComplex: I hope the same energy given to Greta Thunberg is the same energy you give to Little Miss Flint because Flint still witâ€¦
5dcabb40dd8a420f9f1d56c2,0,0,"RT @voguemagazine: â€œWe are in the beginning of a mass extinction, and all you can talk about is money and fairy tales of eternal economic gâ€¦"
5dcabb3bdd8a420f9f1d5654,0,0,"RT @w_terrence: WHY EXPLOIT CHILDREN? 

Greta Thunberg said the world is coming to an extinction. Why is she not at school? Why do her pareâ€¦"
5dcabb3bdd8a420f9f1d5658,0,0,"RT @w_terrence: WHY EXPLOIT CHILDREN? 

Greta Thunberg said the world is coming to an extinction. Why is she not at school? Why do her pareâ€¦"
5dcabb3ddd8a420f9f1d5689,0,0,"RT @w_terrence: WHY EXPLOIT CHILDREN? 

Greta Thunberg said the world is coming to an extinction. Why is she not at school? Why do her pareâ€¦"
5dcabb3edd8a420f9f1d5697,0,0,"RT @w_terrence: WHY EXPLOIT CHILDREN? 

Greta Thunberg said the world is coming to an extinction. Why is she not at school? Why do her pareâ€¦"
5dc88526678e6d23f770651d,0,1,RT @walletcheck: liberals have decided that the only necessary measure to stop climate change is to appease the child god Greta with idolatâ€¦
5dc88573678e6d23f770655e,0,1,RT @walletcheck: liberals have decided that the only necessary measure to stop climate change is to appease the child god Greta with idolatâ€¦
5dc88583678e6d23f7706569,0,1,RT @walletcheck: liberals have decided that the only necessary measure to stop climate change is to appease the child god Greta with idolatâ€¦
5dc88587678e6d23f770656e,0,1,RT @walletcheck: liberals have decided that the only necessary measure to stop climate change is to appease the child god Greta with idolatâ€¦
5dc88593678e6d23f7706575,0,1,RT @walletcheck: liberals have decided that the only necessary measure to stop climate change is to appease the child god Greta with idolatâ€¦
5dc8859b678e6d23f7706579,0,1,RT @walletcheck: liberals have decided that the only necessary measure to stop climate change is to appease the child god Greta with idolatâ€¦
5dc88548678e6d23f7706534,0,0,"RT @WayneDupreeShow: This god-worship of Greta T is going to far, don't you think?  

 https://t.co/HNAL2QLQRo"
5dcabb3cdd8a420f9f1d5666,0,0,"RT @WayneDupreeShow: Where are this child's parents? People are calling this abuse. What say you? 

https://t.co/Xa3AuWDJl3"
5dcabb3add8a420f9f1d5647,0,0,"RT @WIRED: â€People are suffering, people are dying, entire ecosystems are collapsing. We are in the beginning of a mass extinction and allâ€¦"
5dcabb3bdd8a420f9f1d565c,0,0,"RT @WIRED: â€People are suffering, people are dying, entire ecosystems are collapsing. We are in the beginning of a mass extinction and allâ€¦"
5dcabb3bdd8a420f9f1d565e,0,0,"RT @WIRED: â€People are suffering, people are dying, entire ecosystems are collapsing. We are in the beginning of a mass extinction and allâ€¦"
5dcabb3cdd8a420f9f1d5665,0,0,"RT @WIRED: â€People are suffering, people are dying, entire ecosystems are collapsing. We are in the beginning of a mass extinction and allâ€¦"
5dcabb40dd8a420f9f1d56bd,0,0,"RT @WIRED: â€People are suffering, people are dying, entire ecosystems are collapsing. We are in the beginning of a mass extinction and allâ€¦"
5dcabb41dd8a420f9f1d56d4,0,0,"RT @WIRED: â€People are suffering, people are dying, entire ecosystems are collapsing. We are in the beginning of a mass extinction and allâ€¦"
5dcabb42dd8a420f9f1d56e4,0,0,"RT @WIRED: â€People are suffering, people are dying, entire ecosystems are collapsing. We are in the beginning of a mass extinction and allâ€¦"
5dcabb43dd8a420f9f1d56fb,0,0,"RT @WIRED: â€People are suffering, people are dying, entire ecosystems are collapsing. We are in the beginning of a mass extinction and allâ€¦"
5dcabb41dd8a420f9f1d56cd,0,1,"RT @WordswithSteph: #MoscowMitch Marathon 

Democratic voters think theyâ€™re â€œjust going to have to wait for the Mitch McConnells of the Repâ€¦"
5dcabb43dd8a420f9f1d56f8,0,1,"RT @WordswithSteph: #MoscowMitch Marathon 

Democratic voters think theyâ€™re â€œjust going to have to wait for the Mitch McConnells of the Repâ€¦"
5dcabb3edd8a420f9f1d56a0,1,1,"RT @WordswithSteph: Swedish climate change activist Greta Thunberg has been nominated for the Nobel Peace Prize 
>>>>>>> master

@realDonaldTrump 
No Nobeâ€¦"
5dc88563678e6d23f7706551,1,0,RT @YUNGcoke: Imagine if they spent all this money on actual solutions https://t.co/2ojuaWTjj9
<<<<<<< HEAD
5dcabb3bdd8a420f9f1d5660,,,"Swedish Teen Greta Thunberg Screams at World Leaders at UN Climate Summit, 'You Have Stolen My Childhood... How Darâ€¦ https://t.co/m52RtIKl97"
5dc88556678e6d23f7706544,0,0,The horror
5dc88542678e6d23f770652f,0,0,"This is the most SF thing ever -- spend thousands of $$$ on symbols / appearing to be ""woke"" while doing exactly 0â€¦ https://t.co/DcMrpLP8jj"
5dc8857a678e6d23f7706562,,,"When they figure out this is impacting their tourism dollars, SF will catch on."
5dc8859b678e6d23f7706578,,,"Yet another thing Greta, and the other POC climate activists that y'all LOVE to ignore, DIDN'T and have NEVER askedâ€¦ https://t.co/UrnSAEiKca"
=======
5dcabb3bdd8a420f9f1d5660,0,1,"Swedish Teen Greta Thunberg Screams at World Leaders at UN Climate Summit, 'You Have Stolen My Childhood... How Darâ€¦ https://t.co/m52RtIKl97"
5dcca6f0f372816fadd094ce,1,0,Thank you so much for sharing @tlrd ...also v honored to share a tagline with @GretaThunberg @DollyParton and the wâ€¦ https://t.co/D8CPss8aBM
5dc88556678e6d23f7706544,0,0,The horror
5dc88542678e6d23f770652f,0,0,"This is the most SF thing ever -- spend thousands of $$$ on symbols / appearing to be ""woke"" while doing exactly 0â€¦ https://t.co/DcMrpLP8jj"
5dc8857a678e6d23f7706562,1,0,"When they figure out this is impacting their tourism dollars, SF will catch on."
5dcca703f372816fadd094d5,0,0,Why don't you sail  to south Pole to see if there is some climate change ? And by the way stick there Greta Nobody.
5dc8859b678e6d23f7706578,1,0,"Yet another thing Greta, and the other POC climate activists that y'all LOVE to ignore, DIDN'T and have NEVER askedâ€¦ https://t.co/UrnSAEiKca"
>>>>>>> master
